{
  "project_info": {
    "project_number": "829206151811",
    "firebase_url": "https://stimulife-ebab5.firebaseio.com",
    "project_id": "stimulife-ebab5",
    "storage_bucket": "stimulife-ebab5.appspot.com"
  },
  "client": [
    {
      "client_info": {
        "mobilesdk_app_id": "1:829206151811:android:62d6bfa91ccd5e82a251b6",
        "android_client_info": {
          "package_name": "com.karthik.mmapp"
        }
      },
      "oauth_client": [
        {
          "client_id": "829206151811-0mrl6om0uf4f6la30p5crhefuuosj1ua.apps.googleusercontent.com",
          "client_type": 3
        }
      ],
      "api_key": [
        {
          "current_key": "AIzaSyA4nZeJ11nazB3scWeOHFuRofsGOF6KCr8"
        }
      ],
      "services": {
        "appinvite_service": {
          "other_platform_oauth_client": [
            {
              "client_id": "829206151811-0mrl6om0uf4f6la30p5crhefuuosj1ua.apps.googleusercontent.com",
              "client_type": 3
            }
          ]
        }
      }
    }
  ],
  "configuration_version": "1"
}